Accounting Date,masked_column
1/3/2023,11
1/11/2023,25
1/11/2023,533
1/11/2023,3457
1/15/2023,10
1/17/2023,489
1/20/2023,6253
1/20/2023,54
1/21/2023,954
1/22/2023,27
1/24/2023,5
1/24/2023,954
1/24/2023,26
1/27/2023,9
1/31/2023,9
2/1/2023,10
2/2/2023,9
2/2/2023,6
2/2/2023,8
2/2/2023,26
2/3/2023,6
2/3/2023,10
2/3/2023,6
2/3/2023,9
2/3/2023,1892
2/3/2023,3014
2/5/2023,23
2/6/2023,5188
2/8/2023,5
2/9/2023,34
2/10/2023,10
2/11/2023,12
2/13/2023,103
2/14/2023,376
2/15/2023,896
2/15/2023,3
2/17/2023,11
2/17/2023,5
2/19/2023,9
2/20/2023,37
2/20/2023,6
2/20/2023,6
2/20/2023,26
2/21/2023,5238
2/21/2023,128
2/21/2023,465
2/21/2023,144
2/21/2023,111
2/22/2023,6
2/23/2023,82370
2/23/2023,11
2/24/2023,481
2/24/2023,5
2/24/2023,6
2/24/2023,34
2/25/2023,6
2/25/2023,3
2/25/2023,3
2/26/2023,52
2/26/2023,11
2/27/2023,5
2/27/2023,10
2/27/2023,9
2/28/2023,881
2/28/2023,455
2/28/2023,6
3/1/2023,50
3/1/2023,6
3/1/2023,26
3/1/2023,5
3/1/2023,16
3/2/2023,12
3/3/2023,5
3/4/2023,6
3/5/2023,8
3/5/2023,11
3/6/2023,505
3/7/2023,971
3/7/2023,6
3/7/2023,5
3/8/2023,5
3/9/2023,6
3/9/2023,6
3/9/2023,5
3/10/2023,5
3/10/2023,5
3/10/2023,1092
3/10/2023,11
3/11/2023,10
3/11/2023,6
3/11/2023,6
3/12/2023,28
3/12/2023,10
3/12/2023,5
3/12/2023,5
3/12/2023,103
3/13/2023,6
3/13/2023,6
3/14/2023,6
3/14/2023,245
3/14/2023,22
3/14/2023,4
3/15/2023,5
3/15/2023,5
3/16/2023,4920
3/16/2023,6
3/17/2023,6
3/17/2023,5495
3/17/2023,6
3/17/2023,50
3/17/2023,9
3/17/2023,134
3/18/2023,6
3/18/2023,7
3/19/2023,51
3/19/2023,6
3/19/2023,10
3/19/2023,5
3/19/2023,6
3/19/2023,6
3/20/2023,108
3/20/2023,5
3/20/2023,479
3/20/2023,17197
3/21/2023,546
3/21/2023,122
3/22/2023,5
3/22/2023,48
3/22/2023,26
3/22/2023,38
3/22/2023,30
3/22/2023,51
3/22/2023,36
3/23/2023,105
3/23/2023,5
3/23/2023,6
3/24/2023,5
3/25/2023,5
3/25/2023,11
3/26/2023,5
3/27/2023,20627
3/28/2023,12
3/28/2023,17
3/29/2023,31
3/29/2023,6
3/30/2023,27
3/30/2023,18
3/31/2023,9
3/31/2023,1729
4/2/2023,52
4/2/2023,11
4/3/2023,156
4/5/2023,18640
4/5/2023,23023
4/6/2023,2265
4/7/2023,5
4/9/2023,12
4/12/2023,5034
4/13/2023,18
4/13/2023,560
4/14/2023,136
4/17/2023,11
4/17/2023,12
4/18/2023,10379
4/19/2023,6
4/20/2023,5623
4/20/2023,55
4/20/2023,179
4/21/2023,10
4/21/2023,5
4/21/2023,5
4/22/2023,138
4/22/2023,149
4/22/2023,6
4/24/2023,11
4/25/2023,22
4/25/2023,26
4/27/2023,476
4/27/2023,5
4/28/2023,7
4/28/2023,11
4/29/2023,10
4/29/2023,9
4/30/2023,53
5/1/2023,10
5/3/2023,1072
5/3/2023,344
5/3/2023,149
5/3/2023,46
5/4/2023,51
5/4/2023,76
5/4/2023,19
5/4/2023,537
5/4/2023,15
5/5/2023,535
5/5/2023,0
5/5/2023,0
5/5/2023,0
5/7/2023,6
5/10/2023,45
5/10/2023,52
5/10/2023,53
5/10/2023,111
5/10/2023,23
5/11/2023,173
5/12/2023,10
5/12/2023,6
5/13/2023,6
5/13/2023,11
5/15/2023,14
5/16/2023,11
5/16/2023,20045
5/16/2023,83
5/16/2023,107
5/16/2023,243
5/16/2023,162
5/16/2023,33
5/16/2023,98
5/16/2023,143
5/16/2023,202
5/16/2023,46180
5/16/2023,225
5/16/2023,535
5/16/2023,0
5/17/2023,477
5/17/2023,12
5/17/2023,6
5/17/2023,54
5/17/2023,24
5/18/2023,161
5/18/2023,5006
5/18/2023,11
5/19/2023,6
5/19/2023,29
5/20/2023,7
5/20/2023,11
5/22/2023,4
5/22/2023,51
5/22/2023,140
5/23/2023,11
5/23/2023,5
5/23/2023,3955
5/23/2023,6
5/24/2023,2
5/24/2023,5
5/25/2023,97
5/25/2023,72
5/25/2023,10
5/25/2023,501
5/25/2023,2602
5/26/2023,132
5/27/2023,6
5/27/2023,7
5/28/2023,28
5/30/2023,2525
5/30/2023,48
5/30/2023,6
5/31/2023,5
5/31/2023,27
6/1/2023,270
6/1/2023,5
6/1/2023,1
6/1/2023,4
6/2/2023,60
6/2/2023,103
6/2/2023,132
6/5/2023,30
6/5/2023,1
6/6/2023,478
6/6/2023,26
6/6/2023,0
6/6/2023,0
6/6/2023,0
6/7/2023,26
6/9/2023,5
6/13/2023,11
6/15/2023,6
6/16/2023,167
6/19/2023,21
6/20/2023,5192
6/20/2023,408
6/20/2023,1067
6/20/2023,580
6/21/2023,18
6/21/2023,7
6/21/2023,21
6/22/2023,9849
6/24/2023,159
6/25/2023,26
6/26/2023,47
6/26/2023,40
6/27/2023,5
6/27/2023,391
6/27/2023,1628
6/27/2023,104
6/27/2023,466
6/27/2023,22
6/28/2023,207
6/29/2023,163
6/29/2023,27
6/29/2023,872
6/30/2023,19
6/30/2023,54
6/30/2023,54
6/30/2023,5294
7/1/2023,21
7/1/2023,29
7/1/2023,24
7/1/2023,6
7/1/2023,25
7/4/2023,10
7/4/2023,56
7/6/2023,11
7/6/2023,65
7/6/2023,34
7/7/2023,130
7/8/2023,27
7/9/2023,10
7/11/2023,155
7/11/2023,149
7/13/2023,2020
7/13/2023,11
7/16/2023,23
7/18/2023,31
7/18/2023,374
7/19/2023,9
7/19/2023,12
7/20/2023,11
7/20/2023,6
7/20/2023,5740
7/20/2023,10
7/21/2023,2276
7/21/2023,333
7/22/2023,19
7/23/2023,39
7/25/2023,15
7/27/2023,5
7/27/2023,10
7/28/2023,1203
7/29/2023,5
7/29/2023,10
7/29/2023,6
7/31/2023,154
8/1/2023,5
8/3/2023,5
8/4/2023,21
8/4/2023,5
8/4/2023,9
8/6/2023,10
8/8/2023,5
8/8/2023,6
8/8/2023,12
8/9/2023,6
8/10/2023,148
8/10/2023,50
8/12/2023,9
8/14/2023,10
8/15/2023,117
8/15/2023,207
8/15/2023,46
8/15/2023,21039
8/15/2023,10695
8/15/2023,149
8/16/2023,11
8/16/2023,27
8/16/2023,5
8/16/2023,26
8/16/2023,11
8/16/2023,6
8/16/2023,139
8/16/2023,11
8/16/2023,53
8/16/2023,172
8/16/2023,17
8/16/2023,13
8/17/2023,47
8/17/2023,5872
8/17/2023,6
8/17/2023,13
8/17/2023,10
8/17/2023,23
8/18/2023,48
8/18/2023,327
8/18/2023,24
8/18/2023,10
8/18/2023,11
8/18/2023,21
8/18/2023,12
8/19/2023,33
8/20/2023,24
8/20/2023,10
8/20/2023,21
8/21/2023,5
8/21/2023,12
8/21/2023,6
8/21/2023,24
8/21/2023,125
8/21/2023,29
8/21/2023,35
8/22/2023,29
8/22/2023,34
8/22/2023,2
8/22/2023,6
8/22/2023,503
8/22/2023,24
8/22/2023,54
8/23/2023,1
8/24/2023,10
8/24/2023,6
8/24/2023,27
8/24/2023,402
8/25/2023,9
8/25/2023,9
8/25/2023,12
8/26/2023,6
8/28/2023,10
8/28/2023,6
8/28/2023,6
8/28/2023,6
8/29/2023,26
8/29/2023,13
8/29/2023,12
8/30/2023,20
8/30/2023,11
8/30/2023,570
8/31/2023,57
9/2/2023,10
9/4/2023,11
9/4/2023,12
9/5/2023,5
9/5/2023,45
9/5/2023,8
9/5/2023,10
9/5/2023,6
9/5/2023,6
9/6/2023,11
9/6/2023,30
9/7/2023,5
9/7/2023,9
9/8/2023,150
9/8/2023,11
9/8/2023,10
9/8/2023,119
9/8/2023,5
9/8/2023,9
9/8/2023,6
9/9/2023,11
9/9/2023,10
9/10/2023,24
9/10/2023,9
9/11/2023,5
9/12/2023,220
9/12/2023,10
9/12/2023,415
9/13/2023,24
9/13/2023,10
9/13/2023,5
9/13/2023,9
9/14/2023,10
9/14/2023,45
9/15/2023,6
9/16/2023,11
9/16/2023,10
9/16/2023,21
9/17/2023,5
9/18/2023,10
9/19/2023,54
9/20/2023,22
9/20/2023,412
9/20/2023,0
9/22/2023,5
9/23/2023,8
9/23/2023,4582
9/27/2023,12
9/27/2023,12
9/27/2023,15
9/28/2023,11
9/28/2023,6
9/28/2023,7063
9/28/2023,12
9/28/2023,6
9/28/2023,0
9/29/2023,9
9/29/2023,103
9/30/2023,10
9/30/2023,3488
10/1/2023,3
10/2/2023,134
10/2/2023,117
10/3/2023,11
10/3/2023,10
10/3/2023,1
10/4/2023,11
10/4/2023,5
10/5/2023,12
10/7/2023,6
10/8/2023,5
10/8/2023,5
10/8/2023,19
10/8/2023,4
10/9/2023,11
10/10/2023,7295
10/10/2023,5
10/10/2023,53
10/11/2023,10
10/12/2023,952
10/12/2023,142
10/13/2023,10
10/13/2023,6
10/13/2023,230
10/14/2023,6
10/14/2023,10
10/14/2023,3661
10/15/2023,10
10/15/2023,48
10/18/2023,6
10/18/2023,6
10/18/2023,5
10/18/2023,6
10/18/2023,6
10/18/2023,5
10/19/2023,11
10/19/2023,5043
10/19/2023,6
10/20/2023,462
10/20/2023,5
10/20/2023,34
10/20/2023,11
10/20/2023,11
10/20/2023,10
10/20/2023,48
10/21/2023,17
10/21/2023,10
10/22/2023,22
10/22/2023,141
10/23/2023,6
10/23/2023,25
10/25/2023,25
10/25/2023,12
10/25/2023,142
10/25/2023,28
10/26/2023,1
10/26/2023,6
10/26/2023,49
10/26/2023,1506
10/26/2023,382
10/27/2023,22
10/27/2023,5
10/27/2023,21
10/28/2023,5
10/28/2023,6
10/30/2023,10
10/31/2023,12
10/31/2023,31
11/1/2023,11
11/1/2023,10
11/2/2023,143
11/2/2023,48
11/2/2023,156
11/2/2023,144
11/2/2023,155
11/2/2023,13
11/2/2023,21743
11/2/2023,19348
11/2/2023,6
11/2/2023,5
11/3/2023,4
11/3/2023,9
11/3/2023,82
11/3/2023,5
11/3/2023,6
11/5/2023,12
11/5/2023,6
11/6/2023,5
11/6/2023,6
11/6/2023,8
11/7/2023,2
11/7/2023,11
11/7/2023,5
11/8/2023,168
11/8/2023,52
11/9/2023,5
11/9/2023,6
11/9/2023,185
11/10/2023,11
11/10/2023,26
11/10/2023,24
11/11/2023,10
11/11/2023,4
11/11/2023,5
11/11/2023,11
11/11/2023,10
11/12/2023,11
11/12/2023,6
11/13/2023,23
11/13/2023,5
11/14/2023,5
11/14/2023,903
11/14/2023,192
11/14/2023,6
11/15/2023,22
11/15/2023,5
11/15/2023,11
11/16/2023,29
11/16/2023,53
11/17/2023,179
11/17/2023,139
11/17/2023,4728
11/18/2023,9
11/19/2023,12
11/20/2023,6
11/20/2023,10
11/20/2023,21
11/21/2023,134
11/21/2023,88
11/21/2023,6
11/21/2023,1011
11/21/2023,6
11/21/2023,435
11/21/2023,6
11/21/2023,47
11/22/2023,11
11/23/2023,12
11/24/2023,2270
11/25/2023,174
11/25/2023,19
11/25/2023,2
11/25/2023,5
11/27/2023,3
11/28/2023,1110
11/28/2023,21
11/28/2023,116
11/28/2023,40
11/28/2023,144
11/29/2023,27
11/29/2023,418
11/29/2023,130
11/30/2023,152
11/30/2023,88
11/30/2023,35
11/30/2023,25
11/30/2023,12
12/1/2023,21916
12/1/2023,204
12/2/2023,10
12/2/2023,10
12/3/2023,74
12/3/2023,5
12/3/2023,20
12/3/2023,11
12/4/2023,12
12/6/2023,12
12/6/2023,21896
12/7/2023,23
12/7/2023,315
12/7/2023,202
12/7/2023,767
12/7/2023,10
12/7/2023,1020
12/8/2023,10
12/9/2023,10
12/10/2023,10
12/11/2023,10
12/12/2023,237
12/12/2023,24
12/12/2023,203
12/12/2023,17054
12/12/2023,34512
12/12/2023,8
12/12/2023,2219
12/14/2023,6
12/14/2023,119
12/14/2023,25
12/15/2023,145
12/15/2023,31
12/15/2023,16139
12/16/2023,18
12/16/2023,12
12/17/2023,48
12/18/2023,12
12/19/2023,6
12/19/2023,2218
12/20/2023,10
12/21/2023,11
12/22/2023,5
12/26/2023,2679
12/26/2023,5978
12/26/2023,2732
12/26/2023,0
12/28/2023,11
12/28/2023,193
12/28/2023,56
12/28/2023,4817
12/28/2023,266
12/28/2023,440
12/29/2023,970
12/29/2023,0
12/31/2023,13124
12/31/2023,16387
12/31/2023,118
12/31/2023,114
12/31/2023,2763
12/31/2023,297
12/31/2023,92
12/31/2023,2111
12/31/2023,531
12/31/2023,22
12/31/2023,118
12/31/2023,80
12/31/2023,30
12/31/2023,307
12/31/2023,33
12/31/2023,190
12/31/2023,156
12/31/2023,100
12/31/2023,167
12/31/2023,152
12/31/2023,508
12/31/2023,482
12/31/2023,100
12/31/2023,52
12/31/2023,30
12/31/2023,2163
12/31/2023,54
12/31/2023,1018
12/31/2023,25
12/31/2023,101
12/31/2023,1035
12/31/2023,48
12/31/2023,47
12/31/2023,510
12/31/2023,226
12/31/2023,521
12/31/2023,21
12/31/2023,56
12/31/2023,53
12/31/2023,103
12/31/2023,28
12/31/2023,117
12/31/2023,551
12/31/2023,408
12/31/2023,88
12/31/2023,938
12/31/2023,51
12/31/2023,158
12/31/2023,186
12/31/2023,26
12/31/2023,139
12/31/2023,939
12/31/2023,43
12/31/2023,91
12/31/2023,44
12/31/2023,91
12/31/2023,23
12/31/2023,1901
12/31/2023,127
12/31/2023,158
12/31/2023,21
12/31/2023,13890
12/31/2023,38
12/31/2023,9
1/2/2024,1013
1/2/2024,3141
1/2/2024,2476
1/2/2024,168
1/3/2024,48
1/4/2024,11
1/4/2024,130
1/4/2024,118
1/4/2024,2954
1/6/2024,6
1/6/2024,10
1/6/2024,11
1/6/2024,22
1/7/2024,11
1/8/2024,17
1/9/2024,1391
1/11/2024,976
1/16/2024,10
1/16/2024,11
1/16/2024,6
1/17/2024,44
1/17/2024,3
1/19/2024,27
1/19/2024,5703
1/19/2024,8311
1/19/2024,6
1/20/2024,26
1/20/2024,10
1/20/2024,5
1/20/2024,11
1/20/2024,2
1/21/2024,6
1/21/2024,9
1/22/2024,5
1/22/2024,28
1/22/2024,5
1/23/2024,11
1/23/2024,221
1/24/2024,11
1/24/2024,11
1/24/2024,3
1/24/2024,223
1/24/2024,105
1/24/2024,106
1/24/2024,73
1/25/2024,11
1/25/2024,953
1/25/2024,124
1/25/2024,101
1/25/2024,108
1/25/2024,10
1/26/2024,107030
1/26/2024,6
1/26/2024,552
1/27/2024,5
1/27/2024,6
1/29/2024,1471
1/30/2024,6
1/30/2024,111
1/30/2024,19298
1/30/2024,5705
1/30/2024,1
1/30/2024,1693
1/31/2024,239
1/31/2024,94
1/31/2024,6
1/31/2024,10
2/1/2024,10
2/1/2024,10
2/1/2024,5
2/2/2024,10
2/2/2024,2
2/2/2024,26
2/2/2024,2193
2/2/2024,2559
2/2/2024,12
2/2/2024,10
2/2/2024,0
2/3/2024,5
2/4/2024,25
2/4/2024,11
2/5/2024,1
2/6/2024,156
2/6/2024,1017
2/6/2024,1627
2/6/2024,1029
2/7/2024,63
2/8/2024,103
2/10/2024,24
2/10/2024,10
2/12/2024,10
2/13/2024,5
2/14/2024,6
2/15/2024,12
2/15/2024,793
2/15/2024,5
2/15/2024,6
2/15/2024,886
2/16/2024,73
2/16/2024,6
2/16/2024,47
2/16/2024,33
2/16/2024,12
2/16/2024,10
2/16/2024,21258
2/16/2024,30858
2/17/2024,11
2/17/2024,11
2/17/2024,7
2/17/2024,10
2/17/2024,5
2/18/2024,44
2/18/2024,24
2/18/2024,10
2/18/2024,6
2/18/2024,2
2/19/2024,6
2/19/2024,5
2/20/2024,6
2/20/2024,12598
2/20/2024,62
2/20/2024,175
2/20/2024,20156
2/20/2024,5769
2/20/2024,60
2/20/2024,11
2/21/2024,1929
2/24/2024,22
2/24/2024,12
2/24/2024,6
2/25/2024,11
2/25/2024,34
2/25/2024,12
2/26/2024,7030
2/27/2024,6
2/27/2024,10
2/28/2024,153
2/29/2024,281
2/29/2024,46
2/29/2024,16
3/1/2024,10
3/1/2024,6
3/1/2024,29
3/2/2024,6
3/2/2024,6
3/6/2024,22
3/6/2024,11
3/6/2024,11
3/6/2024,13
3/7/2024,340
3/7/2024,154
3/7/2024,5125
3/8/2024,29
3/8/2024,25
3/8/2024,26
3/8/2024,23
3/9/2024,6
3/11/2024,29
3/12/2024,21373
3/15/2024,12
3/15/2024,26
3/15/2024,11
3/15/2024,0
3/18/2024,12
3/19/2024,5193
3/19/2024,5099
3/19/2024,10378
3/19/2024,11566
3/19/2024,10
3/19/2024,397
3/21/2024,31
3/22/2024,5
3/22/2024,41
3/22/2024,32
3/22/2024,35
3/22/2024,0
3/22/2024,0
3/23/2024,6
3/26/2024,10
3/27/2024,131
3/28/2024,71
3/28/2024,267
3/28/2024,3961
3/28/2024,119
3/28/2024,9
3/31/2024,6855
3/31/2024,35
4/2/2024,50
4/2/2024,7
4/4/2024,5
4/5/2024,6
4/5/2024,9
4/7/2024,6
4/8/2024,25
4/8/2024,12
4/9/2024,11
4/10/2024,6
4/10/2024,3
4/11/2024,40
4/11/2024,11
4/12/2024,12
4/14/2024,153
4/14/2024,22
4/16/2024,10
4/16/2024,12
4/17/2024,2331
4/17/2024,2951
4/17/2024,150
4/17/2024,1
4/17/2024,456
4/17/2024,3728
4/18/2024,5854
4/24/2024,10
4/24/2024,10
4/24/2024,5
4/25/2024,120
4/29/2024,114
4/30/2024,4145
4/30/2024,452
4/30/2024,540
4/30/2024,4
5/1/2024,27
5/1/2024,50
5/1/2024,35
5/1/2024,0
5/1/2024,0
5/3/2024,11
5/4/2024,10
5/5/2024,26
5/5/2024,11
5/5/2024,8
5/7/2024,5
5/9/2024,47
5/10/2024,450
5/10/2024,25
5/11/2024,354
5/14/2024,160
5/15/2024,24
5/16/2024,6476
5/16/2024,12
5/17/2024,6
5/17/2024,5558
5/17/2024,29
5/21/2024,17
5/21/2024,9
5/21/2024,5884
5/23/2024,4
5/24/2024,12
5/24/2024,38
5/24/2024,23
5/24/2024,11
5/24/2024,13
5/28/2024,1
5/28/2024,94
5/28/2024,3900
5/28/2024,47
5/28/2024,48
5/28/2024,194
5/28/2024,105
5/28/2024,53
5/28/2024,48
5/28/2024,50
5/28/2024,113
5/28/2024,36
5/28/2024,105
5/28/2024,101
5/28/2024,102
5/28/2024,107
5/28/2024,90
5/29/2024,10
5/29/2024,42
5/29/2024,11
5/29/2024,6
5/30/2024,10
5/30/2024,2894
5/31/2024,0
5/31/2024,8536
5/31/2024,23
5/31/2024,24
6/3/2024,12
6/4/2024,955
6/5/2024,12
6/7/2024,70
6/8/2024,50
6/9/2024,11
6/10/2024,6
6/11/2024,4655
6/11/2024,477
6/11/2024,342
6/11/2024,24
6/12/2024,468
6/14/2024,27
6/14/2024,11
6/14/2024,24
6/15/2024,10
6/15/2024,10
6/15/2024,23
6/16/2024,11
6/17/2024,29
6/17/2024,33
6/17/2024,22
6/17/2024,151
6/20/2024,4461
6/20/2024,1446
6/21/2024,1777
6/21/2024,10882
6/23/2024,12
6/25/2024,10
6/25/2024,6
6/25/2024,996
6/25/2024,435
6/27/2024,6
6/27/2024,9
6/27/2024,55
6/27/2024,10
6/28/2024,719
6/30/2024,75
6/30/2024,5970
7/2/2024,1086
7/3/2024,25
7/3/2024,20
7/3/2024,25
7/3/2024,31
7/6/2024,52
7/6/2024,157
7/6/2024,6
7/7/2024,62
7/7/2024,49
7/7/2024,197
7/7/2024,646
7/7/2024,349
7/7/2024,27
7/7/2024,332
7/7/2024,296
7/7/2024,3502
7/7/2024,303
7/7/2024,285
7/7/2024,383
7/7/2024,135
7/7/2024,281
7/7/2024,61
7/7/2024,2358
7/7/2024,3452
7/7/2024,334
7/7/2024,225
7/7/2024,334
7/7/2024,224
7/7/2024,188
7/7/2024,1192
7/7/2024,344
7/7/2024,511
7/8/2024,2
7/9/2024,710
7/9/2024,31
7/9/2024,32
7/9/2024,125
7/9/2024,324
7/9/2024,256
7/9/2024,1288
7/9/2024,267
7/9/2024,593
7/9/2024,2788
7/10/2024,266
7/10/2024,163
7/10/2024,327
7/10/2024,423
7/10/2024,180
7/10/2024,299
7/11/2024,233
7/11/2024,83
7/11/2024,63
7/11/2024,59
7/11/2024,74
7/12/2024,54
7/14/2024,417
7/14/2024,224
7/16/2024,5
7/17/2024,530
7/17/2024,536
7/17/2024,5
7/18/2024,4
7/18/2024,5319
7/19/2024,11
7/21/2024,5
7/23/2024,6135
7/23/2024,4920
7/24/2024,5
7/25/2024,2319
7/26/2024,184
7/27/2024,5
7/27/2024,8
7/27/2024,47
7/27/2024,9
7/28/2024,12
7/30/2024,457
7/30/2024,1281
7/30/2024,50
7/30/2024,308
7/30/2024,697
7/31/2024,121
7/31/2024,49
8/1/2024,94
8/2/2024,126
8/2/2024,28
8/6/2024,63
8/6/2024,114
8/7/2024,159
8/10/2024,11
8/10/2024,6
8/10/2024,54
8/11/2024,11
8/12/2024,11
8/13/2024,39
8/15/2024,47
8/15/2024,875
8/15/2024,4590
8/15/2024,5
8/15/2024,10
8/16/2024,18
8/16/2024,6
8/16/2024,35
8/20/2024,5896
8/20/2024,5
8/20/2024,10
8/20/2024,165
8/21/2024,32
8/21/2024,25
8/21/2024,0
8/22/2024,5
8/25/2024,26
8/26/2024,9
8/27/2024,5
8/27/2024,11
8/27/2024,43
8/27/2024,53
8/27/2024,90
8/28/2024,6
8/29/2024,154
8/30/2024,23
8/30/2024,163
9/3/2024,479
9/3/2024,3
9/4/2024,11
9/4/2024,418
9/4/2024,101
9/4/2024,5
9/4/2024,5
9/6/2024,43
9/8/2024,177
9/8/2024,9
9/8/2024,94
9/13/2024,422
9/14/2024,11
9/14/2024,25
9/15/2024,6
9/17/2024,5153
9/17/2024,360
9/17/2024,5
9/18/2024,13
9/19/2024,4759
9/19/2024,5155
9/19/2024,532
9/20/2024,84
9/20/2024,39
9/21/2024,10
9/22/2024,21
9/22/2024,5
9/26/2024,456
9/26/2024,25
9/26/2024,142
9/26/2024,22
9/26/2024,2
9/26/2024,5032
9/27/2024,5
9/27/2024,12
9/27/2024,59
9/29/2024,5
9/30/2024,6
9/30/2024,9378
10/1/2024,145
10/2/2024,490
10/2/2024,10
10/2/2024,9
10/3/2024,94
10/3/2024,9
10/4/2024,101
10/4/2024,3693
10/6/2024,52
10/6/2024,9
10/6/2024,166
10/7/2024,11
10/9/2024,9
10/9/2024,6
10/9/2024,337
10/10/2024,66
10/10/2024,2335
10/12/2024,11
10/12/2024,10
10/13/2024,25
10/14/2024,11
10/15/2024,11
10/15/2024,6
10/16/2024,10
10/16/2024,2
10/16/2024,18
10/16/2024,20
10/16/2024,0
10/17/2024,24
10/17/2024,17
10/17/2024,12
10/18/2024,531
10/18/2024,4811
10/18/2024,10
10/18/2024,23
10/18/2024,2536
10/18/2024,6160
10/18/2024,17437
10/20/2024,102
10/20/2024,25
10/21/2024,11
10/21/2024,39
10/22/2024,11
10/23/2024,11
10/23/2024,10
10/24/2024,5
10/24/2024,9
10/24/2024,2102
10/24/2024,5
10/25/2024,8
10/25/2024,104
10/25/2024,94
10/25/2024,150
10/26/2024,11
10/26/2024,6
10/27/2024,5
10/27/2024,11
10/27/2024,49
10/27/2024,165
10/27/2024,21
10/27/2024,2333
10/29/2024,6074
10/29/2024,99
10/29/2024,384
10/31/2024,27
10/31/2024,18
11/1/2024,11
11/1/2024,150
11/1/2024,222
11/1/2024,158
11/3/2024,20
11/4/2024,11
11/4/2024,40
11/5/2024,5279
11/5/2024,101
11/5/2024,5322
11/6/2024,45
11/7/2024,78
11/7/2024,10
11/8/2024,148
11/9/2024,6
11/12/2024,5818
11/12/2024,40
11/12/2024,105
11/12/2024,202
11/12/2024,81
11/12/2024,9061
11/13/2024,148
11/13/2024,44
11/13/2024,42
11/14/2024,29
11/14/2024,6
11/14/2024,196
11/14/2024,115
11/14/2024,26
11/14/2024,145
11/16/2024,141
11/16/2024,49
11/18/2024,1
11/19/2024,1018
11/19/2024,11
11/19/2024,4
11/19/2024,897
11/20/2024,28
11/20/2024,165
11/21/2024,5
11/21/2024,112
11/22/2024,6
11/22/2024,5
11/22/2024,147
11/22/2024,177
11/23/2024,62
11/23/2024,11
11/23/2024,11
11/25/2024,10
11/25/2024,1853
11/26/2024,393
11/27/2024,6
11/27/2024,9
11/27/2024,51
11/27/2024,5
11/28/2024,53
11/28/2024,11
11/30/2024,5
12/2/2024,6
12/2/2024,20
12/2/2024,10
12/2/2024,23
12/3/2024,96
12/3/2024,23
12/3/2024,25
12/3/2024,12
12/5/2024,44
12/6/2024,42
12/6/2024,23
12/6/2024,20
12/6/2024,10
12/6/2024,2515
12/10/2024,94
12/10/2024,6534
12/10/2024,534
12/12/2024,24
12/14/2024,31
12/16/2024,24
12/16/2024,27
12/16/2024,26
12/16/2024,29
12/17/2024,0
12/17/2024,1004
12/17/2024,847
12/17/2024,435
12/18/2024,5
12/18/2024,7
12/19/2024,77
12/19/2024,8190
12/20/2024,3361
12/20/2024,260
12/20/2024,0
12/20/2024,4033
12/20/2024,5
12/22/2024,9
12/23/2024,53
12/24/2024,44
12/26/2024,6
12/27/2024,6
12/27/2024,10
12/27/2024,43
12/27/2024,12
12/27/2024,10
12/27/2024,1463
12/27/2024,170
12/28/2024,6
12/28/2024,21
12/29/2024,19
12/29/2024,19
12/29/2024,22
12/31/2024,1006
12/31/2024,6
12/31/2024,300
12/31/2024,106
12/31/2024,159
12/31/2024,554
12/31/2024,145
12/31/2024,1833
12/31/2024,269
12/31/2024,201
12/31/2024,603
12/31/2024,89
12/31/2024,49
12/31/2024,244
12/31/2024,104
12/31/2024,163
12/31/2024,1087
12/31/2024,95
12/31/2024,74
12/31/2024,155
12/31/2024,147
12/31/2024,291
12/31/2024,53
12/31/2024,27
12/31/2024,27
12/31/2024,112
12/31/2024,11
12/31/2024,44
12/31/2024,104
12/31/2024,94
12/31/2024,48
12/31/2024,53
12/31/2024,113
12/31/2024,186
12/31/2024,1031
12/31/2024,118
12/31/2024,103
12/31/2024,316
12/31/2024,106
12/31/2024,412
12/31/2024,216
12/31/2024,52
12/31/2024,1129
12/31/2024,107
12/31/2024,25
12/31/2024,22
12/31/2024,98
12/31/2024,23
12/31/2024,942
12/31/2024,106
12/31/2024,292
12/31/2024,26
12/31/2024,89
12/31/2024,105
12/31/2024,112
12/31/2024,47
12/31/2024,4933
12/31/2024,198
12/31/2024,12983
12/31/2024,62
12/31/2024,57
12/31/2024,131
12/31/2024,13669
12/31/2024,9563
12/31/2024,0
12/31/2024,0
12/31/2024,0
12/31/2024,50
12/31/2024,512
12/31/2024,6697
1/1/2025,22
1/2/2025,0
1/2/2025,9
1/2/2025,3717
1/4/2025,142
1/4/2025,189
1/4/2025,142
1/4/2025,11
1/5/2025,29
1/5/2025,19
1/5/2025,7
1/6/2025,57
1/8/2025,12
1/8/2025,106
1/9/2025,216
1/9/2025,378
1/10/2025,23
1/12/2025,10
1/13/2025,5
1/13/2025,38
1/14/2025,5349
1/14/2025,8217
1/14/2025,2523
1/15/2025,12
1/15/2025,10
1/16/2025,148
1/16/2025,5
1/18/2025,17
1/19/2025,10
1/21/2025,10
1/21/2025,7052
1/21/2025,107
1/22/2025,135
1/23/2025,30969
1/23/2025,17
1/24/2025,6
1/24/2025,245
1/24/2025,2261
1/24/2025,2407
1/27/2025,6
1/27/2025,12
1/27/2025,58
1/27/2025,5826
1/28/2025,445
1/29/2025,0
1/29/2025,0
1/29/2025,88
1/30/2025,11
1/30/2025,1020
1/30/2025,354
1/31/2025,0
2/1/2025,10
2/2/2025,133
2/4/2025,179
2/4/2025,100
2/4/2025,2944
2/5/2025,584
2/5/2025,24
2/6/2025,47
2/6/2025,11
2/6/2025,136
2/7/2025,4
2/8/2025,162
2/8/2025,6
2/9/2025,20
2/9/2025,10
2/11/2025,8545
2/11/2025,5
2/11/2025,10
2/12/2025,6351
2/12/2025,2729
2/12/2025,5634
2/13/2025,173
2/13/2025,39
2/14/2025,730
2/14/2025,389
2/14/2025,0
2/15/2025,17
2/15/2025,11
2/15/2025,5
2/19/2025,6
2/22/2025,53
2/25/2025,844
2/25/2025,3850
2/26/2025,11
2/27/2025,3